 ,Mean,STD,Final test accuracy
Feature 1:
 ,73.7,5.9506302187247355,76.0
Feature 2:
 ,73.7,3.2264531609803355,78.0
Feature 3:
 ,73.7,3.2264531609803355,81.0
Feature 4:
 ,73.7,5.273518749374084,77.0
Feature 5:
 ,73.7,5.459853477887479,63.0
Feature 6:
 ,73.7,4.69148164229596,70.0
Feature 7:
 ,73.7,2.609597670139978,73.0
Feature 8:
 ,73.7,5.348831648126533,78.0
Feature 9:
 ,73.7,4.382921400162226,77.0
Feature 10:
 ,73.7,4.920365840057018,63.0
All features:
 ,71.7,3.4942810419312296,67.0
All except 1:
 ,73.7,3.4655446902326914,73.0
All except 2:
 ,73.7,5.21632054229799,76.0
All except 3:
 ,73.7,2.968164415931166,74.0
All except 4:
 ,73.7,3.0675723300355937,80.0
All except 5:
 ,73.7,4.712748667179271,77.0
All except 6:
 ,73.7,5.1000000000000005,75.0
All except 7:
 ,73.7,3.925557285278104,71.0
All except 8:
 ,73.7,4.313930922024599,72.0
All except 9:
 ,73.7,4.243819034784589,78.0
All except 10:
 ,73.7,5.814636704042653,73.0
