 ,Mean,STD,Final test accuracy
Feature 0:
 ,73.7,3.606937759374287,79.0
Feature 1:
 ,73.7,2.4515301344262523,72.0
Feature 2:
 ,73.7,3.950949253027682,77.0
Feature 3:
 ,73.7,4.313930922024598,78.0
Feature 4:
 ,73.7,3.661966684720111,72.0
Feature 5:
 ,73.7,3.163858403911275,70.0
Feature 6:
 ,73.7,4.267317658670374,75.0
Feature 7:
 ,73.7,4.450842616853577,68.0
Feature 8:
 ,73.7,5.797413216254298,71.0
Feature 9:
 ,73.7,3.874274125562103,72.0
All features:
 ,70.1,3.5341194094144583,68.0
All except 0:
 ,73.7,4.561797891182818,79.0
All except 1:
 ,73.7,3.579106033634656,77.0
All except 2:
 ,73.7,6.2136945531623935,86.0
All except 3:
 ,73.7,4.172529209005013,73.0
All except 4:
 ,73.7,2.685144316419511,72.0
All except 5:
 ,73.7,3.874274125562103,80.0
All except 6:
 ,73.7,5.933801479658719,72.0
All except 7:
 ,73.7,5.000999900019995,82.0
All except 8:
 ,73.7,4.670117771534247,83.0
All except 9:
 ,73.7,3.2878564445547194,72.0
